,user=33375e62-c856-46fa-b705-fb8ee2fbf333
1:Dế Mèn phưu lưu kí,0.0
2:Hoàng Tử Bé,0.0
3:Đắc nhân tâm,0.0
10:Công chúa ngủ trong rừng,0.0
14:Tuổi trẻ đáng giá bao nhiêu?,0.0
15:Tuần trăng mật,0.0
16:Giã từ thơ ngây,0.0
17:Hồi ức là cuộn băng tua ngược,0.0
18:TRONG ĐÁY MẮT TRỜI XANH LÀ VĨNH VIỄN,0.0
19:KHÔNG BAO GIỜ LÀ CUỐI,0.0
20:CHÚA TỂ NHỮNG CHIẾC NHẪN TẬP 1 - ĐOÀN HỘ NHẪN,0.0
21:CHÚA TỂ NHỮNG CHIẾC NHẪN TẬP 2 - HAI TÒA THÁP,0.0
22:CHÚA TỂ NHỮNG CHIẾC NHẪN TẬP 3 - NHÀ VUA TRỞ VỀ (TB 2025),0.0
23:LÂU ĐÀI BAY CỦA PHÁP SƯ HOWL,0.0
24:LÂU ĐÀI TRÊN MÂY,0.0
25:BẬT MÍ BÍ MẬT VỀ… VŨ TRỤ,0.0
26:BẬT MÍ BÍ MẬT VỀ… ĐỘNG VẬT,0.0
27:MỞ KHÓA VŨ TRỤ,5.0
28:TỚ MUỐN ĂN TỤY CỦA CẬU,0.0
29:LÀM CHA MẸ HOÀN HẢO,0.0
30:DẠI KHỜ ĐAU ĐỚN MONG MANH,0.0
31:TRUYỆN TRANH BA CHÀNG LÍNH NGỰ LÂM,0.0
32:MỌI ĐIỀU BẠN CẦN BIẾT VỀ VŨ TRỤ,0.0
33:TAM QUỐC LẦY LỘI DIỄN NGHĨA,0.0
34:TÂY DU LẦY LỘI KÝ,0.0
35:NUÔI CON KHÉO CHĂM CON NHÀN,0.0
36:Nhà đầu tư thông minh,0.0
37:NGỦ GIẤC NGÀN THU,0.0
38:Tài Chính Đầu Đời,0.0
39:KẺ KHÔNG THỂ GIÃ TỪ,0.0
